{
	"pattrstorage" : 	{
		"name" : "mgr-mod",
		"slots" : 		{
			"1" : 			{
				"id" : 1,
				"data" : 				{
					"jit_light-enable" : [ 1 ],
					"jit_light-ambient" : [ 0.112597, 0.112597, 0.112597, 0.0 ],
					"jit_light-diffuse[1]" : [ 0.0, 0.0, 0.0, 0.0 ],
					"adsr_ambient" : [ 50.0, 0.0, 1.0, 0.0, 0.0, 0, 0.0, 0.96, 0, 4.521276, 0.86, 0, 8.776596, 0.226667, 0, 18.351065, 0.106667, 0, 36.968086, 0.0, 0, "linear" ],
					"adsr_diffuse" : [ 50.0, 0.0, 1.0, 0.0, 0.0, 0, 1.196808, 1.0, 0, 21.276588, 0.633333, 0, 33.510632, 0.0, 0, "linear" ],
					"distance" : [ 1.0 ],
					"friction" : [ 0.3 ],
					"long-trait" : [ 33 ],
					"mvt-trait" : [ 0.32 ],
					"offset" : [ 1 ],
					"rotation" : [ 1.39 ],
					"variablek" : [ -0.22 ],
					"jit_light-ambient[1]" : [ 0.112597, 0.112597, 0.112597, 0.0 ],
					"jit_light-diffuse" : [ 0.0, 0.0, 0.0, 0.0 ]
				}

			}

		}

	}

}
